SettlementPoint,year,month,Mean,Min,Max,SD,Volatility
HB_BUSAVG,2016,1,19.209301075268822,5.12,54.69,5.48521039009743,-0.0003635304770452767
HB_BUSAVG,2016,2,15.288247126436788,1.79,50.98,5.77717217692724,-0.00078173809972199
HB_BUSAVG,2016,3,16.755625841184376,1.22,64.31,7.368496875539129,0.0007737610773223628
HB_BUSAVG,2016,4,18.289347222222197,1.18,93.09,9.506142732088001,-4.8737944182320223e-05
HB_BUSAVG,2016,5,18.15958333333335,3.03,73.61,8.017220813376365,0.0001497494453909979
HB_BUSAVG,2016,6,23.90981944444443,4.02,110.72,11.305436288586218,0.0004830804790179429
HB_BUSAVG,2016,7,27.187473118279588,7.61,99.29,12.406065835499756,-0.00015203239551694837
HB_BUSAVG,2016,8,30.567137096774225,13.39,230.02,27.15155808784458,9.313979699209183e-05
HB_BUSAVG,2016,9,26.861750000000033,10.89,202.4,14.904298172890444,-8.36689182623159e-05
HB_BUSAVG,2016,10,25.2048387096774,2.92,274.77,16.32711959988236,-0.00023553232845938715
HB_BUSAVG,2016,11,19.244902777777792,2.3,48.65,6.3781515532879896,0.00022518198070929285
HB_BUSAVG,2016,12,25.31830645161287,2.72,139.42,11.105303297399237,0.0003179421816223813
HB_BUSAVG,2017,1,23.25278225806453,1.94,96.28,7.471612705493784,-0.0004640336654330426
HB_BUSAVG,2017,2,20.1178273809524,3.56,52.7,6.538278533511916,-0.0004887985783336017
HB_BUSAVG,2017,3,22.569892328398367,4.92,78.44,7.988595981559292,0.00033847776421767005
HB_BUSAVG,2017,4,23.70508333333335,8.37,81.08,7.768482147422761,0.0005062837855069366
HB_BUSAVG,2017,5,25.087352150537626,4.66,65.3,7.952691485425806,-5.7674943852854046e-05
HB_BUSAVG,2017,6,27.669152777777793,15.22,82.18,11.114801167073598,5.428393921997258e-05
HB_BUSAVG,2017,7,31.45427419354836,16.64,257.04,17.838848649545913,-3.244503106634231e-05
HB_BUSAVG,2017,8,27.50701612903228,16.62,88.75,10.898581913248776,-9.852529453113186e-05
HB_BUSAVG,2017,9,24.18416666666669,8.38,59.02,7.9236597783932705,-8.815961694871002e-05
HB_BUSAVG,2017,10,23.563279569892487,3.07,97.54,10.300630159991833,-1.3515307658382618e-05
HB_BUSAVG,2017,11,22.677458333333327,4.28,83.65,8.31051267552799,-7.497639888618719e-05
HB_BUSAVG,2017,12,21.187956989247333,5.82,55.67,5.193307565046879,0.00019205307466202594
HB_BUSAVG,2018,1,37.86967741935482,5.83,1660.04,87.56361308118339,-0.0004018758568905915
HB_BUSAVG,2018,2,21.854315476190465,5.09,73.49,7.541317693617223,-0.00013387337199384313
HB_BUSAVG,2018,3,22.561978465679648,7.34,69.97,8.35799112360004,8.709157289186831e-05
HB_BUSAVG,2018,4,23.142958333333308,6.22,53.44,7.3667687663368335,3.334195350423368e-05
HB_BUSAVG,2018,5,34.00524193548385,8.49,541.31,38.314470370603864,0.0002888033830333509
HB_BUSAVG,2018,6,29.96612499999997,15.16,114.07,14.658058238847639,0.000244337710276084
HB_BUSAVG,2018,7,78.85944892473117,9.9,2061.99,233.36169591636278,-8.674532410964198e-05
HB_BUSAVG,2018,8,31.661559139784913,12.71,149.91,18.572329132601762,-0.000114311430499826
HB_BUSAVG,2018,9,27.17544444444446,14.59,88.96,10.5109675059282,1.7598242806494254e-05
HB_BUSAVG,2018,10,29.95782258064515,10.32,95.21,10.16982978140472,0.000189690284752143
HB_BUSAVG,2018,11,30.644499999999972,9.3,108.07,11.598420053307358,-0.0002027554865560981
HB_BUSAVG,2018,12,30.268185483870955,6.64,117.74,10.12306655686283,-2.618775346711067e-06
HB_BUSAVG,2019,1,24.59256720430107,5.72,75.28,8.130355147669786,-7.20158239946194e-05
HB_BUSAVG,2019,2,21.186369047619046,5.06,56.68,7.013010151618259,1.2956608892799297e-05
HB_BUSAVG,2019,3,27.565720053835797,7.31,675.6,34.263891687476494,0.0003460746828543342
HB_BUSAVG,2019,4,22.613180555555562,5.34,102.53,11.853101342168479,-0.0004916314892652544
HB_BUSAVG,2019,5,23.959932795698922,9.46,67.19,8.560298614984854,0.000236850562388612
HB_BUSAVG,2019,6,25.08554166666668,8.72,102.2,13.651568525669756,-0.0002827130174734389
HB_BUSAVG,2019,7,29.72962365591398,11.28,274.56,26.86115729182233,-2.981749181502845e-05
HB_BUSAVG,2019,8,126.38408602150527,10.04,3499.84,401.206306600097,6.806953335854119e-05
HB_BUSAVG,2019,9,79.61562499999994,7.88,5008.32,380.21393107679,-0.0002682700442456638
HB_BUSAVG,2019,10,28.247056451612934,6.39,851.45,53.26734427541531,0.0004719700684184442
HB_BUSAVG,2019,11,23.46837500000001,3.26,203.7,14.638393552028687,-0.00041944313154727885
HB_BUSAVG,2019,12,18.715080645161272,3.74,59.84,6.744975917531296,-8.726807747909759e-05
HB_HOUSTON,2016,1,19.565725806451617,5.19,54.55,5.6487473817289935,-0.00036353047704527637
HB_HOUSTON,2016,2,15.464540229885062,2.1,50.75,5.811656068895286,-0.0007590286167174108
HB_HOUSTON,2016,3,17.12495289367428,1.36,72.32,7.70473596551608,0.0007534160131209883
HB_HOUSTON,2016,4,18.940958333333334,1.26,99.0,10.265435546159962,-4.771275734673751e-05
HB_HOUSTON,2016,5,19.17408602150539,3.04,73.62,9.38017837807119,0.00016065196025063884
HB_HOUSTON,2016,6,26.255736111111084,4.31,141.0,15.3243472685475,0.0004742122054766483
HB_HOUSTON,2016,7,29.53892473118277,10.08,101.38,14.978876680896809,-0.00015559246004786845
HB_HOUSTON,2016,8,32.9725403225807,13.49,269.69,33.121781875193165,9.246079418830822e-05
HB_HOUSTON,2016,9,28.742416666666674,11.49,211.23,16.821039643259603,-8.436458012954364e-05
HB_HOUSTON,2016,10,28.24955645161289,4.0,284.79,18.950819928980856,-0.00015394060965762916
HB_HOUSTON,2016,11,20.36593055555555,3.05,51.61,7.431234496542127,0.0001401561602124932
HB_HOUSTON,2016,12,25.727661290322622,2.92,142.55,11.32320461530008,0.0003193067360761399
HB_HOUSTON,2017,1,24.78185483870971,3.03,96.21,7.904352417097664,-0.00046099618160584123
HB_HOUSTON,2017,2,23.265714285714306,4.52,58.68,8.612319604347366,-2.9686554946309453e-05
HB_HOUSTON,2017,3,28.21329744279944,6.85,144.16,14.123950526156515,0.0004345794032282474
HB_HOUSTON,2017,4,32.295736111111104,10.77,142.25,15.704205969482652,5.672037221563623e-05
HB_HOUSTON,2017,5,31.533172043010744,5.0,105.17,14.64211012278916,-0.00015972312890101902
HB_HOUSTON,2017,6,33.16834722222224,15.44,133.78,18.60204923631417,0.00021150269718041395
HB_HOUSTON,2017,7,34.37583333333333,16.72,306.24,22.793164369378225,-9.25837460422269e-05
HB_HOUSTON,2017,8,29.401720430107513,16.61,97.06,13.225864551440145,-0.00018746205496079983
HB_HOUSTON,2017,9,26.542944444444462,8.32,73.92,10.91963358890597,-3.553711177685859e-05
HB_HOUSTON,2017,10,30.141236559139788,4.4,249.2,23.325715626861335,0.00010915067128146804
HB_HOUSTON,2017,11,26.091055555555556,4.69,131.0,12.686734104963296,-0.00021786039596575883
HB_HOUSTON,2017,12,21.549005376344063,6.25,53.34,5.162866307722012,0.00016835512611229018
HB_HOUSTON,2018,1,37.944784946236524,6.19,1637.34,86.01527890478582,1.875033117157958e-06
HB_HOUSTON,2018,2,22.16410714285716,5.1,72.11,7.347411911330587,-0.0005500550220558331
HB_HOUSTON,2018,3,23.782543741588132,8.01,71.01,8.96803408972139,0.00022914702010460022
HB_HOUSTON,2018,4,24.652694444444446,8.4,58.92,7.830764138938863,-3.1069071075320404e-05
HB_HOUSTON,2018,5,34.14755376344084,8.43,530.4,37.10995493457376,0.00024258475023050297
HB_HOUSTON,2018,6,30.628486111111098,15.81,116.02,14.938345448626661,0.00021515468442505163
HB_HOUSTON,2018,7,79.03404569892474,9.95,2057.51,233.00015888349546,-0.00011153891834486103
HB_HOUSTON,2018,8,31.944247311827972,13.44,150.2,18.6641251009878,-8.63012050254822e-05
HB_HOUSTON,2018,9,27.581361111111068,15.06,91.04,10.751295245972893,1.5926277392845615e-05
HB_HOUSTON,2018,10,30.981935483870988,12.6,98.4,10.837428527252913,0.00020234854479326574
HB_HOUSTON,2018,11,31.319236111111124,10.01,104.77,11.698294258876448,-0.00023372337196437943
HB_HOUSTON,2018,12,30.333548387096755,6.85,116.17,9.879054520195677,-4.493921516967585e-05
HB_HOUSTON,2019,1,25.426034946236562,8.64,74.76,7.830863602989711,-3.196307616317637e-05
HB_HOUSTON,2019,2,21.50781249999998,5.47,57.38,6.6968686862040805,-3.468910545899566e-05
HB_HOUSTON,2019,3,27.832032301480492,8.18,651.0,32.6440667231485,0.00037389828310145103
HB_HOUSTON,2019,4,23.870652777777796,5.4,106.31,11.99962983858817,-0.00047218305937149686
HB_HOUSTON,2019,5,24.794274193548365,9.59,67.67,8.953671879096621,0.00022453506003113899
HB_HOUSTON,2019,6,26.897680555555574,9.93,111.16,15.453808881248248,-0.0003100854700746513
HB_HOUSTON,2019,7,29.91100806451612,11.34,274.33,26.800292086352286,-2.3810210327736043e-06
HB_HOUSTON,2019,8,126.62533602150543,10.32,3499.86,401.4410640782598,6.965734928035766e-05
HB_HOUSTON,2019,9,80.5876527777777,7.97,5011.16,380.543067820698,-5.5658404623703386e-05
HB_HOUSTON,2019,10,30.393602150537653,9.65,870.3,55.0885931424054,0.0002720006569075847
HB_HOUSTON,2019,11,24.0215,3.79,198.8,14.300458495621012,-0.0003398957699317233
HB_HOUSTON,2019,12,18.67249999999999,3.8,59.43,6.6220555812474515,-0.00017096302492413987
HB_HUBAVG,2016,1,19.25869623655914,5.13,54.53,5.5123168382360115,-0.00036353047704527593
HB_HUBAVG,2016,2,15.269252873563223,1.52,50.9,5.812592533369642,-0.0007958936980596468
HB_HUBAVG,2016,3,16.654347240915186,1.05,65.81,7.426260850084184,0.0007870212340424267
HB_HUBAVG,2016,4,18.16686111111111,1.07,94.38,9.574284135033096,-5.1717327996749945e-05
HB_HUBAVG,2016,5,18.247002688172035,2.64,73.06,8.214961649765993,0.0001577759126326057
HB_HUBAVG,2016,6,24.297847222222227,4.15,115.88,11.861734726158794,0.0004790187911870677
HB_HUBAVG,2016,7,27.459206989247352,5.86,99.3,12.793737081962158,-0.00015800757089748946
HB_HUBAVG,2016,8,30.948534946236535,13.39,232.88,28.067207749952498,9.790244543293469e-05
HB_HUBAVG,2016,9,27.188138888888897,10.99,203.88,15.16413774610703,-8.366891826231724e-05
HB_HUBAVG,2016,10,25.769059139784947,2.96,277.51,16.816964578457856,-0.00024357595522718552
HB_HUBAVG,2016,11,19.489305555555553,2.37,49.27,6.544536122879047,0.0002341982117163805
HB_HUBAVG,2016,12,25.36259408602154,2.34,139.98,11.198097445441174,0.00031726042354461527
HB_HUBAVG,2017,1,23.325551075268802,1.84,96.27,7.577709890137224,-0.0004693658357305992
HB_HUBAVG,2017,2,20.352127976190452,2.34,53.19,7.066815784413845,-0.0005744991115152265
HB_HUBAVG,2017,3,23.233230148048435,4.36,87.72,8.870794538909273,0.0004246129011199408
HB_HUBAVG,2017,4,24.830486111111128,8.6,91.68,8.938620642163299,0.0005163814938547617
HB_HUBAVG,2017,5,25.905026881720417,4.18,65.97,8.793912445332902,-7.132256699997798e-05
HB_HUBAVG,2017,6,28.513847222222214,14.64,88.26,12.215149025157547,7.777895766846227e-05
HB_HUBAVG,2017,7,31.864408602150526,16.7,263.26,18.501171755106707,-4.232790874649042e-05
HB_HUBAVG,2017,8,27.83861559139788,16.62,90.23,11.25476501294963,-9.947339597135007e-05
HB_HUBAVG,2017,9,24.51969444444443,8.4,61.96,8.268483617032992,-9.153481368903149e-05
HB_HUBAVG,2017,10,24.701451612903266,3.48,109.91,12.05308567698832,1.2639357880617978e-05
HB_HUBAVG,2017,11,23.16713888888889,3.68,91.6,8.902537112871347,-0.00010661668918310781
HB_HUBAVG,2017,12,21.209852150537618,4.55,56.06,5.336605259728787,0.0001872302428533492
HB_HUBAVG,2018,1,37.77303763440862,5.24,1658.38,87.50519670270873,-0.0003889519608715713
HB_HUBAVG,2018,2,21.83005952380953,4.2,73.4,7.607576739110757,-0.00017343408489343913
HB_HUBAVG,2018,3,22.40343203230148,6.13,69.98,8.604464627194634,0.00012402237104386848
HB_HUBAVG,2018,4,22.450305555555552,4.42,53.51,7.838026572185339,-0.00024148747211588187
HB_HUBAVG,2018,5,32.83485215053763,7.13,536.14,37.757652134754366,0.0005412609661143593
HB_HUBAVG,2018,6,29.781861111111088,14.66,113.13,14.418706406790347,0.00024679568464460415
HB_HUBAVG,2018,7,78.83232526881713,9.95,2061.56,233.32551272329218,-8.78417502298071e-05
HB_HUBAVG,2018,8,31.69458333333332,12.87,149.94,18.560145316602355,-0.00010637448602656682
HB_HUBAVG,2018,9,27.05302777777778,14.75,88.41,10.301125773944907,1.8823564450977592e-05
HB_HUBAVG,2018,10,29.889112903225822,9.98,95.61,10.165972310649039,0.00017713317707043102
HB_HUBAVG,2018,11,30.277208333333338,8.42,105.98,11.820105869491796,-0.0005224842331023883
HB_HUBAVG,2018,12,30.191989247311827,6.45,117.99,10.318657868630199,0.0003109352263667853
HB_HUBAVG,2019,1,24.68340053763441,5.59,75.44,8.21035899011041,-8.373710230269488e-05
HB_HUBAVG,2019,2,21.250639880952367,4.85,56.86,7.0730121645770625,2.4483353111039844e-05
HB_HUBAVG,2019,3,27.189030955585476,5.95,674.86,34.35972336363792,0.000346605293947425
HB_HUBAVG,2019,4,22.221166666666647,4.4,103.18,12.112938760854048,-0.0006000372630856111
HB_HUBAVG,2019,5,23.88376344086022,9.03,67.33,8.577879707268158,0.00034502276171483867
HB_HUBAVG,2019,6,25.17154166666668,8.6,102.85,13.788867563759192,-0.00027704313947854567
HB_HUBAVG,2019,7,29.69623655913976,11.28,274.53,26.839811239624783,-3.8304549266630535e-05
HB_HUBAVG,2019,8,126.34983870967757,9.9,3499.49,401.12725896834405,6.803037372122959e-05
HB_HUBAVG,2019,9,79.4591944444445,7.89,5008.13,380.1739002592013,-0.0003171457509765223
HB_HUBAVG,2019,10,28.131760752688177,6.05,851.39,53.417383946265424,0.0005120593369839599
HB_HUBAVG,2019,11,23.2572361111111,2.91,201.15,14.540368868864523,-0.0004753702154197126
HB_HUBAVG,2019,12,18.623373655914005,3.49,60.41,6.752492529393898,-2.7619177724983772e-05
HB_NORTH,2016,1,19.133306451612892,5.09,55.56,5.465482000164042,-0.0003623478074721887
HB_NORTH,2016,2,15.292658045977005,2.0,51.26,5.741953441774283,-0.0007628051470297839
HB_NORTH,2016,3,16.859367429340523,1.46,60.79,7.259944346713296,0.0007541126258807004
HB_NORTH,2016,4,18.350666666666676,1.3,90.11,9.314117201804844,-4.576493793355577e-05
HB_NORTH,2016,5,17.905631720430126,3.55,74.68,7.666826119704723,0.00013479446649741848
HB_NORTH,2016,6,23.15805555555555,3.64,101.0,10.378440279708135,0.0004917953212989727
HB_NORTH,2016,7,26.8007930107527,9.02,98.94,11.667287327521286,-0.00014228952593451616
HB_NORTH,2016,8,29.82838709677418,13.37,223.94,25.427223868923868,8.704108514538018e-05
HB_NORTH,2016,9,26.249180555555544,10.7,200.0,14.525627155172383,-8.506059061210747e-05
HB_NORTH,2016,10,24.005255376344078,2.71,269.05,15.390332528302768,-0.00025519994950179816
HB_NORTH,2016,11,18.66488888888888,1.92,47.62,6.101731530063151,0.0002447812648855143
HB_NORTH,2016,12,25.149045698924702,3.17,138.12,10.941741566558264,0.0003199895331553499
HB_NORTH,2017,1,22.991854838709685,2.02,96.37,7.400329722413332,-0.0004579655466769584
HB_NORTH,2017,2,19.4481994047619,4.77,51.8,5.934393190161845,-0.0004597130670617818
HB_NORTH,2017,3,21.227779273216694,5.46,63.71,6.777892002262999,0.00022475786384053056
HB_NORTH,2017,4,21.41055555555557,7.16,61.79,6.244917842248714,0.0005640469818212785
HB_NORTH,2017,5,23.41991935483871,5.2,62.98,6.722616735124593,-3.5922947542819224e-05
HB_NORTH,2017,6,25.890569444444427,15.33,70.82,9.048123147849383,1.2280264696475007e-05
HB_NORTH,2017,7,30.65431451612902,16.47,244.42,16.651010261624062,-1.188412712561844e-05
HB_NORTH,2017,8,26.832728494623666,16.61,85.93,10.255855876488063,-0.000126315748826782
HB_NORTH,2017,9,23.346111111111103,8.29,54.32,7.2612509134234475,-5.881603865151591e-05
HB_NORTH,2017,10,21.405900537634427,1.88,75.0,7.791168430578762,-6.804288375614769e-05
HB_NORTH,2017,11,21.59620833333333,3.19,69.49,7.568659608784363,-5.214391870191225e-06
HB_NORTH,2017,12,20.952997311827954,6.18,53.18,4.987721615378066,0.0002089446384931515
HB_NORTH,2018,1,37.5859005376344,6.24,1659.26,87.45206198148666,-0.0004634225433783327
HB_NORTH,2018,2,21.767023809523774,6.39,73.33,7.452917156357076,-3.42105925962811e-05
HB_NORTH,2018,3,22.608008075370122,8.57,69.87,8.217259861945996,1.7873774475382645e-06
HB_NORTH,2018,4,23.522916666666667,8.06,52.98,7.0269326382005435,0.00028706253841509363
HB_NORTH,2018,5,35.3061424731183,9.32,550.83,39.46338334548294,7.956327207225035e-05
HB_NORTH,2018,6,30.21188888888888,15.35,115.08,15.084811187253623,0.0002589818103495469
HB_NORTH,2018,7,78.96845430107523,9.79,2063.87,233.55245524774722,-8.85242422694543e-05
HB_NORTH,2018,8,31.603051075268784,12.0,150.0,18.64059523762587,-0.00013905740372074045
HB_NORTH,2018,9,27.299638888888918,14.02,89.78,10.928677673760703,1.7939201759094748e-05
HB_NORTH,2018,10,30.03416666666664,9.57,95.0,10.334967046572814,0.00021475239590263933
HB_NORTH,2018,11,31.234888888888918,9.38,114.35,11.596295053094748,0.00014785240779358752
HB_NORTH,2018,12,30.39826612903227,6.96,117.3,9.919452147482726,-0.0003439752893955484
HB_NORTH,2019,1,24.33263440860215,5.41,75.1,8.213235570821181,-6.18079479056757e-05
HB_NORTH,2019,2,20.864955357142883,4.48,56.39,7.018780915655381,-3.0478151731492486e-06
HB_NORTH,2019,3,28.103714670255727,8.95,676.5,34.15559397316518,0.00036300156394978824
HB_NORTH,2019,4,22.99740277777778,5.53,100.8,11.622436364291051,-0.0003478058663664324
HB_NORTH,2019,5,23.97888440860211,9.96,67.3,8.688466045637163,9.079377904242295e-05
HB_NORTH,2019,6,25.175819444444464,8.17,101.27,13.602406822767918,-0.0002708271085773374
HB_NORTH,2019,7,29.781290322580663,11.22,274.65,26.916675138030318,-4.527547063536996e-05
HB_NORTH,2019,8,126.52185483870967,10.0,3500.92,401.5181039277682,6.584278755472677e-05
HB_NORTH,2019,9,79.91958333333324,7.81,5010.22,380.5384254197815,-0.0002861065131143991
HB_NORTH,2019,10,27.995967741935484,6.11,853.71,53.323601612869396,0.0005063460401173252
HB_NORTH,2019,11,23.628611111111105,3.49,212.85,15.12134180687971,-0.0004161206250795803
HB_NORTH,2019,12,18.7319892473118,4.01,59.75,6.806604034839857,-0.00010457785981554485
HB_PAN,2019,4,16.54876666666666,-19.01,99.64,14.227681951102408,-0.012479128849845453
HB_PAN,2019,5,16.414327956989226,-15.06,67.69,13.544792459757307,
HB_PAN,2019,6,20.731319444444456,-11.58,100.06,15.826254741623815,
HB_PAN,2019,7,28.384569892473117,0.5,274.16,27.36512057912496,-0.00012443438345845862
HB_PAN,2019,8,124.9917338709677,-9.99,3497.75,401.49762789284887,
HB_PAN,2019,9,72.85329166666678,-14.97,5010.1,381.54704670945955,
HB_PAN,2019,10,18.71676075268816,-20.69,843.05,54.795727595405175,
HB_PAN,2019,11,11.661291666666664,-29.98,211.43,21.725598922420964,
HB_PAN,2019,12,8.81724462365592,-27.84,60.3,16.045190188916138,
HB_SOUTH,2016,1,19.210053763440854,5.18,54.4,5.458224904565119,-0.0003644390784940757
HB_SOUTH,2016,2,15.333591954022989,2.02,50.25,5.766310020451892,-0.0007900232047931649
HB_SOUTH,2016,3,16.763109017496653,1.0,69.59,7.562570221381636,0.0007825690572987801
HB_SOUTH,2016,4,18.51290277777777,1.17,99.0,9.962189284750309,-4.586140420574042e-05
HB_SOUTH,2016,5,18.570456989247315,2.77,71.92,8.661368325580215,0.00017527083281666307
HB_SOUTH,2016,6,24.645374999999984,4.93,119.5,11.984516256441225,0.00046483238634294763
HB_SOUTH,2016,7,26.960255376344076,-27.74,100.15,14.223926454532691,-inf
HB_SOUTH,2016,8,31.20797043010751,13.44,237.08,28.706992658650858,9.590611246321628e-05
HB_SOUTH,2016,9,27.405569444444456,11.08,203.25,15.053059746843541,-8.023476816989583e-05
HB_SOUTH,2016,10,26.68966397849464,3.43,282.46,17.671567723574363,-0.0001348389923707823
HB_SOUTH,2016,11,20.14883333333334,3.2,49.27,6.918300399465621,0.00012468055476209876
HB_SOUTH,2016,12,25.708991935483862,2.72,141.49,11.367082161043967,0.0003118187722999877
HB_SOUTH,2017,1,23.624811827956986,1.89,96.01,7.575724207807043,-0.00046784019876600373
HB_SOUTH,2017,2,21.079360119047603,3.29,53.41,7.134705341168082,-0.000316733764427256
HB_SOUTH,2017,3,23.680753701211305,5.02,78.22,8.666648996123275,0.0003159156735740713
HB_SOUTH,2017,4,25.6094027777778,8.88,94.72,9.029660940162142,0.0003922169538295446
HB_SOUTH,2017,5,26.49501344086023,4.73,68.65,9.192251989315865,-5.4516831224339574e-05
HB_SOUTH,2017,6,29.65469444444443,15.39,98.22,13.388315766817483,7.881500903823377e-05
HB_SOUTH,2017,7,32.12946236559143,17.07,268.53,18.901360436732627,-5.8816681425693304e-05
HB_SOUTH,2017,8,28.315026881720453,16.63,91.52,11.581170602149854,3.762318472697206e-05
HB_SOUTH,2017,9,25.51509722222224,8.68,68.76,8.801109045773565,-0.00020358536397665594
HB_SOUTH,2017,10,25.56365591397848,4.63,113.12,11.443610361693004,4.102440792788691e-05
HB_SOUTH,2017,11,23.97718055555557,5.09,92.56,8.787211894234105,-0.00015732267000701175
HB_SOUTH,2017,12,21.99791666666665,5.73,64.46,5.585505404189781,0.0001572888613316151
HB_SOUTH,2018,1,39.498145161290296,6.01,1675.95,88.67166127106827,-0.00032100142624777
HB_SOUTH,2018,2,22.306398809523813,4.08,74.89,7.797641728131434,-0.0002413756170154114
HB_SOUTH,2018,3,22.888452220726812,7.37,70.15,7.99013498228365,0.00022866626755773593
HB_SOUTH,2018,4,24.471888888888902,7.06,54.92,7.698613356269684,5.144621066715087e-05
HB_SOUTH,2018,5,34.2260752688172,9.67,531.39,37.16877772907251,0.00025519994950179843
HB_SOUTH,2018,6,30.068638888888913,16.07,114.49,13.9785372968641,0.00018202949867008415
HB_SOUTH,2018,7,78.8473790322581,10.07,2058.15,232.88427198288306,-0.00011805930014034872
HB_SOUTH,2018,8,31.66752688172045,14.7,149.28,18.317685981494456,-5.809827921779409e-05
HB_SOUTH,2018,9,27.189805555555555,15.64,87.78,10.218478841636117,1.3638953029131846e-05
HB_SOUTH,2018,10,29.772513440860244,14.49,93.43,9.647190833725764,0.00014173867993277022
HB_SOUTH,2018,11,29.837180555555587,9.46,104.24,11.002205151109665,-0.00047361820505722026
HB_SOUTH,2018,12,30.089301075268807,6.18,118.6,10.294004189647126,0.000264310743024835
HB_SOUTH,2019,1,25.086061827956964,7.0,74.19,7.680102234868328,-6.187680065637468e-05
HB_SOUTH,2019,2,22.125639880952377,5.75,58.75,6.98671715324944,1.7238264021413842e-05
HB_SOUTH,2019,3,27.13555854643338,6.63,685.53,34.99492019245875,0.00028391837188220117
HB_SOUTH,2019,4,22.463333333333342,4.21,105.56,11.90811907317516,-0.0006413404899954157
HB_SOUTH,2019,5,24.059946236559167,9.4,66.0,8.276677345653288,0.00038666945222013885
HB_SOUTH,2019,6,23.904361111111104,10.55,104.57,12.982437741673447,-0.0003529794967248053
HB_SOUTH,2019,7,29.637500000000028,11.46,274.37,26.76676244782117,7.245087448163194e-05
HB_SOUTH,2019,8,125.93654569892459,10.49,3497.19,400.26523323143147,7.475491566301855e-05
HB_SOUTH,2019,9,78.90047222222212,8.03,5000.73,379.0236350930704,-3.450833137017844e-05
HB_SOUTH,2019,10,29.468400537634416,8.4,838.47,52.06511827553334,0.00022907918517590503
HB_SOUTH,2019,11,23.718555555555533,3.95,181.03,13.497690540509819,-0.0002599372485860737
HB_SOUTH,2019,12,18.95251344086021,3.58,69.69,6.656832472968684,-0.00022951711611946175
HB_WEST,2016,1,19.126559139784952,4.84,55.96,5.552808074476875,-0.0003630778834435429
HB_WEST,2016,2,14.988663793103447,-0.61,51.36,6.017304549324409,0.0006772151854872945
HB_WEST,2016,3,15.871668909825038,0.38,60.57,7.38101028616066,0.0008607200883501389
HB_WEST,2016,4,16.86274999999999,-0.05,90.43,9.270893627043186,0.0029137912316004786
HB_WEST,2016,5,17.337674731182776,1.06,71.97,7.648550692442676,0.0001583105317962124
HB_WEST,2016,6,23.141930555555533,3.73,102.08,10.28663749776717,0.0004864328092747199
HB_WEST,2016,7,26.543561827957014,9.03,96.73,11.548332657215811,-0.00017029944776827857
HB_WEST,2016,8,29.786733870967733,13.26,224.54,25.37416828923725,0.00011631781764926847
HB_WEST,2016,9,26.354250000000036,10.68,201.03,14.581646674594005,-8.5673617822008e-05
HB_WEST,2016,10,24.113938172042996,1.58,273.75,15.80581918160384,-0.0004548089499752078
HB_WEST,2016,11,18.778416666666644,0.8,48.69,6.2965959405148775,0.0004524634848095417
HB_WEST,2016,12,24.86266129032258,0.26,137.73,11.297255966368272,0.0003179421816223874
HB_WEST,2017,1,21.901720430107524,-0.4,96.47,8.329261364773265,-0.002953815720952921
HB_WEST,2017,2,17.616681547619056,-4.3,52.13,8.353607598538456,
HB_WEST,2017,3,19.813593539703888,-0.05,64.77,8.285855409811548,0.0008883383129456734
HB_WEST,2017,4,19.996097222222236,-0.95,67.92,8.115485320873688,-0.005109299782584728
HB_WEST,2017,5,22.166612903225815,1.2,53.75,6.960570769950853,-3.5218242465083426e-05
HB_WEST,2017,6,25.331694444444455,11.13,73.8,8.68839524121474,1.842435232229355e-06
HB_WEST,2017,7,30.29364247311829,16.53,233.81,16.116670387293876,5.938087224948203e-07
HB_WEST,2017,8,26.817043010752666,16.63,86.37,10.236244257218413,-0.00012887708288993808
HB_WEST,2017,9,22.678819444444443,8.32,54.25,6.831218681457303,-6.002092766794785e-05
HB_WEST,2017,10,21.693830645161306,1.84,70.17,8.016050770997207,-4.439077623372123e-05
HB_WEST,2017,11,21.00179166666666,-0.09,73.34,8.324036361486979,0.0010976483323172266
HB_WEST,2017,12,20.33803763440862,-2.28,53.28,6.117314012983186,-0.002463185837424615
HB_WEST,2018,1,36.051639784946275,0.21,1661.14,87.99336444454858,-0.0009236762810834289
HB_WEST,2018,2,21.087604166666658,1.05,73.33,8.12356220846839,0.000296153167973302
HB_WEST,2018,3,20.3336204576043,-0.62,69.7,9.999361985102992,
HB_WEST,2018,4,17.156625000000005,-5.98,52.8,11.163072038103403,-inf
HB_WEST,2018,5,27.692016129032254,-4.56,531.53,38.01272945351063,0.003446340439085801
HB_WEST,2018,6,28.277027777777782,7.12,107.0,13.839546440320046,0.0003321320408024597
HB_WEST,2018,7,78.51755376344079,9.71,2066.82,233.86985552369822,-3.697364161842359e-05
HB_WEST,2018,8,31.560120967741923,10.83,150.33,18.630238668683326,-0.0001420839441157439
HB_WEST,2018,9,26.139597222222196,7.07,85.07,10.06953208802467,2.750364902247224e-05
HB_WEST,2018,10,28.76133064516124,2.39,95.58,10.31509220988028,0.00014831728114094947
HB_WEST,2018,11,28.715250000000026,1.04,115.67,13.658234997523145,-0.004287030895646882
HB_WEST,2018,12,29.9440053763441,0.0,119.86,11.728604670439227,
HB_WEST,2019,1,23.881545698924697,0.63,75.83,9.6846452488892,-0.00018158533019871465
HB_WEST,2019,2,20.491160714285716,3.1,57.22,7.910899373907354,0.00012160839580720828
HB_WEST,2019,3,25.66967698519515,-0.28,686.52,35.93572452588236,
HB_WEST,2019,4,19.551875000000013,-0.3,100.0,13.864652786735466,
HB_WEST,2019,5,22.70266129032257,4.5,68.36,9.238910469479,0.0007573843714154216
HB_WEST,2019,6,24.708555555555577,5.04,100.16,13.52178500335738,-0.00018509890708219519
HB_WEST,2019,7,29.455470430107532,11.03,274.78,26.90684361192509,-0.00016734452190323988
HB_WEST,2019,8,126.31528225806449,8.11,3500.0,401.2889789739431,6.418195974718337e-05
HB_WEST,2019,9,78.42925000000012,5.57,5010.39,380.61810476050834,-0.0011692803359984395
HB_WEST,2019,10,24.668131720430107,-1.42,843.07,53.57664233513755,-inf
HB_WEST,2019,11,21.66026388888888,0.08,211.91,15.695236507495919,-0.0010185466681083108
HB_WEST,2019,12,18.136424731182792,2.15,60.71,7.188677044101669,0.0005241410236185472
LZ_AEN,2016,1,19.324663978494627,5.35,55.02,5.499657950454569,-0.0003630778834435398
LZ_AEN,2016,2,15.448290229885073,2.24,51.51,5.742451493814364,-0.0007370094521783488
LZ_AEN,2016,3,16.855074024226113,1.32,65.27,7.360407832780968,0.000731803818819494
LZ_AEN,2016,4,18.25606944444444,1.17,88.34,9.345574036423606,-4.966062367740785e-05
LZ_AEN,2016,5,18.12490591397849,2.8,76.57,7.977659806006315,0.00014878972666296784
LZ_AEN,2016,6,24.2375138888889,8.23,110.8,11.583286461242357,0.0005634417749635193
LZ_AEN,2016,7,27.976102150537606,9.29,98.6,12.613121790972757,-0.0002203264257193458
LZ_AEN,2016,8,30.699516129032325,13.61,235.36,26.82729886707015,8.746168681107635e-05
LZ_AEN,2016,9,26.710861111111146,11.13,200.12,14.465315413858335,-8.968036760896602e-05
LZ_AEN,2016,10,25.622903225806493,3.29,274.56,16.09970957367572,-0.0001051149817274764
LZ_AEN,2016,11,19.640041666666637,3.74,48.6,6.210652441851585,9.532121280372494e-05
LZ_AEN,2016,12,25.870174731182786,3.21,136.8,11.452260949599369,0.0003152172216996663
LZ_AEN,2017,1,23.40447580645163,1.92,95.99,7.539809858297446,-0.0004474118164582926
LZ_AEN,2017,2,20.605327380952374,3.45,52.96,6.758118121814661,-0.00034983048922241364
LZ_AEN,2017,3,22.99701211305518,4.9,67.99,7.932145538218249,0.0002445928064022737
LZ_AEN,2017,4,24.118083333333328,8.94,85.65,8.008669689884142,0.00048081944111870515
LZ_AEN,2017,5,25.293844086021508,4.9,66.94,8.173940241146443,-8.081955157485242e-05
LZ_AEN,2017,6,27.91663888888888,15.47,84.47,11.335981832091646,4.7146969542852706e-05
LZ_AEN,2017,7,31.40143817204301,16.95,257.95,17.939957768598738,-1.9698164943780114e-05
LZ_AEN,2017,8,27.465618279569895,16.63,88.71,10.953641559437648,-0.00015052714085066668
LZ_AEN,2017,9,24.628805555555562,8.82,60.58,8.027509687575206,-3.8991315489757955e-05
LZ_AEN,2017,10,24.01990591397848,5.24,102.26,10.015021859408657,-1.1462052088538733e-05
LZ_AEN,2017,11,23.019444444444446,3.63,86.69,8.471820948161977,-7.770021740942232e-05
LZ_AEN,2017,12,21.062930107526874,5.06,55.3,5.323136125738609,0.00019434337935532887
LZ_AEN,2018,1,38.83798387096776,6.03,1661.37,87.54376856158724,-0.0003989120803229841
LZ_AEN,2018,2,21.913883928571398,4.55,74.11,7.665640874662351,-0.0001751569869619087
LZ_AEN,2018,3,22.202826379542397,5.26,70.37,8.593805694422064,6.508489459167168e-05
LZ_AEN,2018,4,22.18848611111112,4.79,51.24,7.5284459208469405,-0.00017914233902521242
LZ_AEN,2018,5,33.166169354838736,6.86,529.23,36.91196660038251,0.0006322335652776298
LZ_AEN,2018,6,30.28612499999999,15.91,114.74,14.40942828460662,0.0001938854858407429
LZ_AEN,2018,7,78.95137096774195,10.02,2060.9,233.09134385258966,-0.00012253698775416285
LZ_AEN,2018,8,31.732137096774153,13.9,149.54,18.45947088295388,-7.721746369960849e-05
LZ_AEN,2018,9,27.16730555555553,15.15,88.03,10.290747790482115,1.9728867080997156e-05
LZ_AEN,2018,10,30.310000000000006,12.77,96.35,10.204651355469013,0.0001850742677321582
LZ_AEN,2018,11,30.468083333333325,8.65,106.64,11.762673463238764,-0.0005057434083904335
LZ_AEN,2018,12,30.094758064516125,6.57,117.25,10.177423696802727,0.0002561053628209839
LZ_AEN,2019,1,25.107956989247317,6.75,76.2,7.957236317830307,-6.783987320907274e-05
LZ_AEN,2019,2,21.51380952380956,5.46,57.06,6.768265769861141,1.0640154286086392e-05
LZ_AEN,2019,3,27.74218034993274,7.11,685.8,34.684874016437796,0.0004035287039063136
LZ_AEN,2019,4,23.270347222222245,4.63,106.86,12.494342464514746,-0.0005428698731764058
LZ_AEN,2019,5,24.676236559139774,9.12,68.42,8.730179494173765,0.0002091169392771392
LZ_AEN,2019,6,24.416791666666676,10.2,101.71,12.944277307181554,-0.0003272579312440667
LZ_AEN,2019,7,29.709086021505378,11.37,274.59,26.803671565521057,2.413145647392206e-05
LZ_AEN,2019,8,126.52692204301066,10.34,3500.89,401.4603431233801,6.76265692371101e-05
LZ_AEN,2019,9,80.16959722222228,7.88,5010.17,380.27675207770636,-0.0001486861057835497
LZ_AEN,2019,10,29.280443548387094,8.07,844.89,52.951009092061675,0.0003694740873546636
LZ_AEN,2019,11,24.408013888888913,3.77,209.08,14.919535273175907,-0.00033633284675681343
LZ_AEN,2019,12,19.05170698924731,3.76,59.87,6.6079738458477095,-0.0001704093357827878
LZ_CPS,2016,1,19.3538440860215,5.28,56.19,5.548379633953353,-0.00036285201154232194
LZ_CPS,2016,2,15.520014367816108,2.16,52.06,5.806936573951365,-0.0007448632261946455
LZ_CPS,2016,3,16.898183041722756,1.31,68.18,7.4787800119938135,0.0007391318399772247
LZ_CPS,2016,4,19.069361111111103,1.14,114.4,11.093882920603836,-5.260095681222415e-05
LZ_CPS,2016,5,18.479865591397857,2.77,72.34,8.10097509928891,0.00020623068273592824
LZ_CPS,2016,6,24.958069444444472,5.22,109.62,11.206274234574298,0.00043694496806684997
LZ_CPS,2016,7,27.967956989247316,9.4,97.14,12.727757359220302,-0.00016494502865770671
LZ_CPS,2016,8,31.30657258064518,13.43,235.47,28.075727181019584,0.0001033918730562962
LZ_CPS,2016,9,28.130249999999958,11.0,204.18,15.534595093591461,-8.038244247665765e-05
LZ_CPS,2016,10,26.250295698924717,3.38,280.2,16.82894382852078,-0.00010981069883382034
LZ_CPS,2016,11,21.71466666666668,2.87,59.5,8.848424650970035,0.00011691486800929161
LZ_CPS,2016,12,26.596424731182818,2.69,142.19,12.32636452086304,0.00028560170963297745
LZ_CPS,2017,1,23.772567204301065,1.99,102.73,8.263795366427962,-0.00046251406547297857
LZ_CPS,2017,2,20.919479166666655,3.01,53.54,7.090201201766599,-0.0003714597437121626
LZ_CPS,2017,3,23.861547779273234,5.34,81.08,8.77160423540679,0.0003808309125735752
LZ_CPS,2017,4,25.337902777777774,9.76,94.38,8.856499819832033,0.00036439481176040486
LZ_CPS,2017,5,26.537029569892443,4.61,69.09,9.17443581869306,-5.30098337099126e-05
LZ_CPS,2017,6,30.41599999999999,15.28,99.32,13.078528214227616,0.00020513335036978768
LZ_CPS,2017,7,32.1152956989247,17.13,264.71,18.55076747930554,-0.000178681182815308
LZ_CPS,2017,8,28.13756720430108,16.64,90.66,11.296724158422814,-0.00010223827554665259
LZ_CPS,2017,9,25.136652777777797,8.6,63.5,8.524027533209788,-9.83162042541298e-05
LZ_CPS,2017,10,25.275954301075267,4.53,107.6,11.067209878064242,0.00011129381590025596
LZ_CPS,2017,11,23.572569444444426,4.01,90.5,8.736653333481904,-0.000203716674181323
LZ_CPS,2017,12,22.04837365591397,5.38,102.48,6.837747294597056,0.00021065985850909474
LZ_CPS,2018,1,41.312876344086014,6.06,1708.38,91.99257259535396,-0.0003738946077153399
LZ_CPS,2018,2,22.517395833333318,4.64,74.85,7.7252541851127825,-0.00021294768398909524
LZ_CPS,2018,3,25.289273216689107,8.33,236.9,12.25699946394771,0.00037312605192117926
LZ_CPS,2018,4,26.535375000000013,9.16,60.9,8.455876699858672,0.0002521297655256728
LZ_CPS,2018,5,36.05559139784947,9.53,531.71,37.3016459705569,-1.3609615945522857e-05
LZ_CPS,2018,6,30.727277777777783,16.27,114.42,14.186371060728069,0.00012171947814308835
LZ_CPS,2018,7,79.12443548387105,10.09,2059.23,232.95766854170347,-0.00014058487409916758
LZ_CPS,2018,8,31.865685483871015,15.14,149.75,18.407107090852417,-4.74034124159371e-05
LZ_CPS,2018,9,27.512986111111136,15.22,89.04,10.398470471661467,3.879580424465162e-06
LZ_CPS,2018,10,31.635967741935485,16.83,97.46,11.247464610562199,0.00024130142323701973
LZ_CPS,2018,11,32.041208333333316,10.5,109.16,12.324589758862954,-0.0006092270927853904
LZ_CPS,2018,12,30.309220430107572,6.4,119.92,10.454818175329743,0.00029082486497294604
LZ_CPS,2019,1,26.798333333333357,10.55,82.89,8.149951236618797,-5.524874826317563e-05
LZ_CPS,2019,2,24.11011904761902,6.02,86.42,9.27527395769405,1.4970903312263903e-05
LZ_CPS,2019,3,29.351695827725433,6.47,725.84,38.72171315807935,0.0003267422823296876
LZ_CPS,2019,4,25.363597222222218,4.99,114.28,14.19762467073109,-0.00046906862025456315
LZ_CPS,2019,5,26.246075268817183,9.35,80.88,9.843087957448544,0.00025525000536080533
LZ_CPS,2019,6,26.391291666666703,11.52,155.41,16.042464498165355,-0.0003792670538055046
LZ_CPS,2019,7,30.667177419354825,11.52,276.56,27.07773047820001,9.690603916520545e-05
LZ_CPS,2019,8,127.69620967741939,10.84,3504.12,401.5136414355442,9.038669724015712e-05
LZ_CPS,2019,9,82.43634722222212,8.39,5011.57,379.8961059615471,0.0001647111811612938
LZ_CPS,2019,10,33.553602150537664,9.08,846.37,53.66086954681066,7.958349122726546e-05
LZ_CPS,2019,11,25.57513888888891,4.88,213.22,15.15554112146572,-0.0003543292635744767
LZ_CPS,2019,12,19.997862903225816,3.86,104.42,7.934246324652644,-0.00020618477932988154
LZ_HOUSTON,2016,1,19.563938172043017,5.19,54.94,5.6546752606172035,-0.00036353047704527816
LZ_HOUSTON,2016,2,15.487988505747138,2.1,50.75,5.820989036078067,-0.0007590286167174069
LZ_HOUSTON,2016,3,17.206729475100946,1.35,73.24,7.8052462273335905,0.0007534160131209857
LZ_HOUSTON,2016,4,19.128930555555566,1.26,106.23,10.76590904675306,-4.771275734673851e-05
LZ_HOUSTON,2016,5,19.903991935483887,3.03,76.88,10.639855925260376,0.00016065196025064185
LZ_HOUSTON,2016,6,29.915083333333325,4.32,174.68,22.48010937821404,0.0004748368463186979
LZ_HOUSTON,2016,7,29.91186827956986,10.06,106.26,15.655496426994176,-0.00015619695118533763
LZ_HOUSTON,2016,8,33.56354838709678,13.49,285.0,34.75633864422278,9.246079418830912e-05
LZ_HOUSTON,2016,9,29.032680555555544,11.48,214.55,17.38997939866895,-8.436458012954594e-05
LZ_HOUSTON,2016,10,28.545819892473133,3.98,287.59,19.49473507624443,-0.0001524312484417366
LZ_HOUSTON,2016,11,20.437680555555556,3.06,54.65,7.5718808765774295,0.00013859648695606905
LZ_HOUSTON,2016,12,25.736841397849467,2.91,143.23,11.349051286814545,0.0003193067360761389
LZ_HOUSTON,2017,1,24.827365591397836,3.0,96.36,7.946976082218833,-0.0004625140654729818
LZ_HOUSTON,2017,2,23.517217261904765,4.52,60.22,8.849387367235066,-2.7149582950208895e-05
LZ_HOUSTON,2017,3,28.742005383580064,6.81,152.46,15.087172623753816,0.00046650468950288563
LZ_HOUSTON,2017,4,32.96706944444447,10.74,147.81,16.991265862206326,2.0750997305056395e-05
LZ_HOUSTON,2017,5,32.36264784946243,4.99,109.86,15.906692890509005,-0.00015817586058508985
LZ_HOUSTON,2017,6,33.668916666666625,15.43,139.24,19.392458894323102,0.00021534998164343233
LZ_HOUSTON,2017,7,34.72583333333334,16.72,311.81,23.44306141506571,-9.737386032084826e-05
LZ_HOUSTON,2017,8,30.031478494623677,16.61,101.75,14.431593938247431,-0.00017621368951453766
LZ_HOUSTON,2017,9,27.41002777777777,8.33,84.99,12.57163769240294,-4.4074211048289534e-05
LZ_HOUSTON,2017,10,31.339381720430104,4.41,274.2,26.117447047199036,0.00012170280663929725
LZ_HOUSTON,2017,11,26.33962499999996,4.82,131.01,12.833731620771,-0.0002010414146642684
LZ_HOUSTON,2017,12,21.979784946236585,6.29,68.39,5.791050547258558,0.00013946300272188106
LZ_HOUSTON,2018,1,38.044986559139794,6.18,1638.04,86.06439847614334,2.5991423588922563e-05
LZ_HOUSTON,2018,2,22.375848214285735,5.1,72.15,7.394902533647276,-0.0005791406594347973
LZ_HOUSTON,2018,3,23.933458950201892,8.01,71.42,9.109086945117879,0.00022928880379329743
LZ_HOUSTON,2018,4,24.728347222222226,8.41,59.21,7.916439430638188,-3.0281048989566473e-05
LZ_HOUSTON,2018,5,35.53303763440861,8.42,550.1,39.48106603358094,0.00024388589846522952
LZ_HOUSTON,2018,6,31.80234722222222,15.81,119.76,16.793934932973716,0.00021553728052182058
LZ_HOUSTON,2018,7,79.56653225806457,9.95,2060.38,233.5603868265196,-0.00011321032086677709
LZ_HOUSTON,2018,8,32.159623655913954,13.48,151.05,18.890233331961973,-8.243147292391547e-05
LZ_HOUSTON,2018,9,27.722416666666632,15.14,92.18,10.88696961345971,1.6538524651319696e-05
LZ_HOUSTON,2018,10,31.781115591397857,12.74,101.62,11.51412697597704,0.0002061003520406535
LZ_HOUSTON,2018,11,31.730333333333313,10.05,105.13,12.015058303485723,-0.00024086863956247425
LZ_HOUSTON,2018,12,30.462069892473117,6.88,116.52,9.911598247922353,-4.825611941344182e-05
LZ_HOUSTON,2019,1,25.55008064516131,8.85,75.06,7.8473129875161325,-2.994543352034256e-05
LZ_HOUSTON,2019,2,21.644255952380963,5.51,57.43,6.7294652518030995,-3.546923404205388e-05
LZ_HOUSTON,2019,3,28.080323014804854,8.22,651.84,32.70861948439225,0.00037513805505390535
LZ_HOUSTON,2019,4,24.264583333333338,5.44,107.4,12.157658167632507,-0.0004619317915461664
LZ_HOUSTON,2019,5,25.153615591397852,9.58,68.56,9.234248133566334,0.00021471515735729777
LZ_HOUSTON,2019,6,27.2267361111111,10.0,113.57,15.762967614787565,-0.00031156040618619287
LZ_HOUSTON,2019,7,30.013064516129045,11.35,274.79,26.872544946248777,-1.5878159218177592e-06
LZ_HOUSTON,2019,8,126.69338709677426,10.33,3500.0,401.4687410183907,6.965734928035818e-05
LZ_HOUSTON,2019,9,80.77929166666665,7.97,5011.62,380.59549300850233,-4.918338642118516e-05
LZ_HOUSTON,2019,10,30.642379032258074,9.62,872.98,55.33192773650522,0.00026573451025999333
LZ_HOUSTON,2019,11,24.18161111111111,3.8,199.8,14.472697576733292,-0.0003373589858677928
LZ_HOUSTON,2019,12,18.919852150537647,3.8,59.5,6.877407263243724,-0.00017341797724407723
LZ_LCRA,2016,1,19.31745967741934,5.47,55.4,5.497980113470419,-0.0003630778834435432
LZ_LCRA,2016,2,15.488548850574706,2.37,51.55,5.732980295709334,-0.0007217514509894709
LZ_LCRA,2016,3,16.79629878869449,1.34,66.31,7.398862184113166,0.0007175109940180667
LZ_LCRA,2016,4,18.39270833333334,1.15,92.5,9.682228462982483,-5.065233302970654e-05
LZ_LCRA,2016,5,18.18278225806455,2.78,73.75,8.005227459392776,0.00015916364894418656
LZ_LCRA,2016,6,24.16441666666668,4.64,109.44,11.121200540738213,0.00047898183914238553
LZ_LCRA,2016,7,27.592217741935475,9.31,99.41,12.674735854902686,-0.00015951924232866487
LZ_LCRA,2016,8,31.175577956989258,13.43,237.06,28.982726116162144,9.581242051897439e-05
LZ_LCRA,2016,9,27.03994444444444,11.0,199.29,15.735525242461984,-8.641162312797947e-05
LZ_LCRA,2016,10,26.068440860215063,3.33,281.6,16.98477508373953,-0.0001662542258409394
LZ_LCRA,2016,11,19.541680555555562,2.88,48.94,6.456588603352812,0.0001556826398008254
LZ_LCRA,2016,12,25.487876344086036,2.58,142.23,11.374799922493054,0.0003179421816223813
LZ_LCRA,2017,1,23.43627688172043,1.9,97.26,7.606074128174614,-0.00046023788199672533
LZ_LCRA,2017,2,20.660818452380937,3.1,53.1,6.897614444293981,-0.0003461841135511353
LZ_LCRA,2017,3,23.437133243607,5.15,69.81,8.22848179557564,0.00030090243125067696
LZ_LCRA,2017,4,24.477416666666684,8.91,88.04,8.468541080492486,0.00041625555260875794
LZ_LCRA,2017,5,25.637956989247325,4.45,67.39,8.654821736633204,-6.623025436541593e-05
LZ_LCRA,2017,6,28.639083333333343,14.97,91.27,12.485700181943333,5.37156283276222e-05
LZ_LCRA,2017,7,31.905712365591352,16.84,265.38,18.705559433799934,-2.136723099317905e-05
LZ_LCRA,2017,8,27.678010752688152,16.63,90.36,11.266243870522516,-0.00019511891927241986
LZ_LCRA,2017,9,24.813430555555563,8.63,61.55,8.36801241320809,-6.956618672268889e-07
LZ_LCRA,2017,10,24.484260752688193,4.56,115.0,11.120629550803754,1.5399410539556014e-05
LZ_LCRA,2017,11,23.047124999999994,3.11,88.12,8.542414682479471,-0.00012366616404666414
LZ_LCRA,2017,12,21.11766129032256,4.65,58.16,5.44868153395596,0.00021723815817076937
LZ_LCRA,2018,1,38.99256720430111,5.87,1669.26,88.49319955468228,-0.00038275413562880367
LZ_LCRA,2018,2,21.76224702380953,4.3,75.49,7.760105867864692,-0.00018819997929032538
LZ_LCRA,2018,3,22.051305518169595,4.24,70.23,8.310383904389663,8.95483757445799e-05
LZ_LCRA,2018,4,22.644027777777783,5.1,51.83,7.626581791236533,-0.00015256902568331254
LZ_LCRA,2018,5,34.73540322580648,7.35,537.05,39.21426529375476,0.0006121982912403579
LZ_LCRA,2018,6,30.365555555555577,16.02,114.7,14.438945238745086,0.00016266401527959825
LZ_LCRA,2018,7,79.06994623655915,10.06,2062.63,233.30198042101694,-0.0001274450283039837
LZ_LCRA,2018,8,31.807970430107524,14.28,149.58,18.49956526481126,-6.633451440752303e-05
LZ_LCRA,2018,9,27.18726388888886,15.12,89.58,10.323972461463864,6.565298580721919e-07
LZ_LCRA,2018,10,30.06987903225809,10.92,95.98,10.146733125557331,0.00017430673338263432
LZ_LCRA,2018,11,30.515805555555563,8.38,106.34,11.796913856628784,-0.0005323565452812472
LZ_LCRA,2018,12,30.582661290322633,6.56,122.66,10.6288200815789,0.0003009060490270512
LZ_LCRA,2019,1,24.936303763440858,6.28,76.43,8.097452745325858,-6.77721231341769e-05
LZ_LCRA,2019,2,21.66697916666667,5.53,56.92,6.878219361958415,1.2141588932211393e-05
LZ_LCRA,2019,3,27.649313593539745,6.58,692.67,35.19954864384437,0.0003453631902362039
LZ_LCRA,2019,4,23.31476388888888,4.46,107.21,12.36835730932367,-0.0005241334643723586
LZ_LCRA,2019,5,24.50868279569892,9.06,66.1,8.514166573914984,0.00024698010250724683
LZ_LCRA,2019,6,24.51954166666666,11.18,101.6,13.153803352145431,-0.00033043879594568963
LZ_LCRA,2019,7,29.74791666666666,11.36,274.7,26.817746140123624,2.8958090035991246e-05
LZ_LCRA,2019,8,126.67076612903215,10.31,3503.28,401.7273081817837,6.750941766709022e-05
LZ_LCRA,2019,9,82.46723611111106,8.0,5011.71,380.75904251218793,-0.00016241499657097363
LZ_LCRA,2019,10,29.015806451612917,7.78,851.35,53.56442348624105,0.00039070415536968545
LZ_LCRA,2019,11,24.485222222222248,4.14,207.11,14.724647827239286,-0.0003409957219375417
LZ_LCRA,2019,12,19.456881720430097,3.75,84.34,7.255990866381839,-0.00017333526108970595
LZ_NORTH,2016,1,19.187997311827974,5.08,56.21,5.532815832010705,-0.0003623478074721887
LZ_NORTH,2016,2,15.46221264367817,2.28,51.39,5.72711950556094,-0.0007438431469120423
LZ_NORTH,2016,3,17.461507402422594,1.48,62.31,7.4469997134928025,0.0007382052340747433
LZ_NORTH,2016,4,19.08763888888888,1.57,90.61,9.793125443963815,-3.9782282683236824e-05
LZ_NORTH,2016,5,18.182889784946234,4.18,76.8,7.862626786415128,0.000129749434240296
LZ_NORTH,2016,6,23.562680555555552,3.64,104.06,11.062601504781098,0.000489111477200289
LZ_NORTH,2016,7,27.415779569892457,9.05,101.55,12.33912295287215,-0.00013218610059943588
LZ_NORTH,2016,8,30.148575268817243,13.37,227.06,26.104303860992058,7.757121439261857e-05
LZ_NORTH,2016,9,26.605861111111107,10.73,201.47,14.901666131659871,-8.293331204656547e-05
LZ_NORTH,2016,10,24.532661290322583,2.85,273.64,16.034106142812707,-0.00023687776002468905
LZ_NORTH,2016,11,18.830513888888877,2.0,50.24,6.25094070359959,0.00022306638412523778
LZ_NORTH,2016,12,25.28624999999999,3.43,140.29,11.070745441320295,0.00031998953315534123
LZ_NORTH,2017,1,23.603024193548404,2.91,96.68,7.53631169322917,-0.00045041872156361404
LZ_NORTH,2017,2,19.550014880952375,4.39,51.83,6.023653240387762,-0.00046464888067294816
LZ_NORTH,2017,3,21.839407806191105,5.34,64.71,7.067790149708491,0.0002914426028134163
LZ_NORTH,2017,4,21.975805555555546,7.13,62.41,6.617664494044783,0.0004920404093289563
LZ_NORTH,2017,5,24.557513440860216,5.22,72.98,8.001947903825615,-3.532623897741032e-05
LZ_NORTH,2017,6,26.893736111111114,15.46,80.74,10.269483673647457,2.9279374448775262e-05
LZ_NORTH,2017,7,31.186841397849467,16.47,254.01,17.44390062497039,-2.773843472532493e-05
LZ_NORTH,2017,8,27.060362903225812,16.62,86.53,10.529417676731134,-0.0001275089011656852
LZ_NORTH,2017,9,23.968402777777758,8.29,56.01,8.10381654820752,-5.7403130199157464e-05
LZ_NORTH,2017,10,21.938427419354845,1.89,85.01,8.636464281722938,-6.509994031006893e-05
LZ_NORTH,2017,11,22.263166666666674,3.21,70.4,7.878656117975505,-6.686292667294912e-06
LZ_NORTH,2017,12,21.4081317204301,6.28,58.74,5.243574354344973,0.00020729472566924375
LZ_NORTH,2018,1,37.728521505376335,6.32,1664.01,87.76979241169172,-0.0004848839094452951
LZ_NORTH,2018,2,21.84046130952379,5.84,74.29,7.579751376820834,-2.3730925311523e-05
LZ_NORTH,2018,3,22.640551816958272,7.89,70.07,8.388701044899266,1.7019864334169298e-05
LZ_NORTH,2018,4,24.36688888888891,8.91,58.24,7.779202510434247,0.00027946065923284283
LZ_NORTH,2018,5,37.451881720430116,9.54,557.83,40.89663061155096,9.539510985774904e-05
LZ_NORTH,2018,6,31.301611111111136,15.26,122.97,16.44100746514218,0.00024855191951155935
LZ_NORTH,2018,7,79.84618279569887,9.8,2079.81,235.36841649562857,-9.075222074868198e-05
LZ_NORTH,2018,8,31.97158602150531,11.92,151.52,19.077278619523028,-0.00013162283832387667
LZ_NORTH,2018,9,27.885847222222214,13.94,91.58,12.013980791934744,1.0316132267183404e-05
LZ_NORTH,2018,10,31.64541666666666,9.59,95.95,11.41539314407051,0.0002157844357708622
LZ_NORTH,2018,11,31.97412499999999,9.21,124.07,12.30701172018928,0.00013343587512447527
LZ_NORTH,2018,12,31.131948924731233,6.87,121.19,10.753266871853738,-0.00033040651682290646
LZ_NORTH,2019,1,24.36783602150537,5.13,75.38,8.353484521769563,-6.932242673783281e-05
LZ_NORTH,2019,2,20.85114583333333,4.36,56.78,7.1174606376172065,5.3432561469177866e-06
LZ_NORTH,2019,3,28.594037685060574,9.11,681.29,34.43624052220511,0.0003605686222944908
LZ_NORTH,2019,4,23.718430555555557,6.62,103.76,11.928849097374757,-0.0003467182477604323
LZ_NORTH,2019,5,24.011451612903222,10.12,67.8,8.738728285557324,9.079377904242508e-05
LZ_NORTH,2019,6,25.20791666666667,8.21,101.28,13.618453889307254,-0.0002700341374516602
LZ_NORTH,2019,7,29.834946236559162,11.22,274.89,26.955125726994364,-4.6042862047314375e-05
LZ_NORTH,2019,8,126.60091397849466,10.08,3501.54,401.6319106504489,6.659852894179973e-05
LZ_NORTH,2019,9,80.7741527777778,7.81,5010.51,380.758969201848,-0.00026971689752037
LZ_NORTH,2019,10,28.732943548387126,6.21,863.71,54.42561097329506,0.0004998878493378362
LZ_NORTH,2019,11,24.153611111111104,3.67,218.41,15.74282819301406,-0.00040283025853366796
LZ_NORTH,2019,12,19.006801075268804,4.07,59.99,7.142365271934624,-0.00012574021810297782
LZ_RAYBN,2016,1,19.447943548387116,5.08,57.38,5.87173439536646,-0.00036234780747218656
LZ_RAYBN,2016,2,15.400431034482773,2.32,53.35,5.7534661271109,-0.0007370094521783503
LZ_RAYBN,2016,3,17.11724091520861,1.86,61.55,7.3272912153871115,0.0007318038188194975
LZ_RAYBN,2016,4,18.855361111111097,1.45,90.56,9.706044207969226,-4.2738414814941073e-05
LZ_RAYBN,2016,5,18.320994623655913,4.31,75.95,7.887065178197738,0.00013433893551122246
LZ_RAYBN,2016,6,23.315944444444447,3.65,100.54,10.57341688323208,0.0004879534390543206
LZ_RAYBN,2016,7,27.471075268817224,9.03,101.88,12.383051616960069,-0.000125432940294274
LZ_RAYBN,2016,8,30.149758064516142,13.37,226.86,26.11001588311447,7.021000792395233e-05
LZ_RAYBN,2016,9,26.470263888888894,10.72,200.59,14.818330548217853,-8.50192531979443e-05
LZ_RAYBN,2016,10,24.452513440860198,3.14,274.16,15.968735318472172,-0.00015620783429671803
LZ_RAYBN,2016,11,18.87531944444443,2.9,47.33,6.182334306537092,0.00014249895900621295
LZ_RAYBN,2016,12,25.31955645161287,4.44,138.15,10.848662138407189,0.0003193067360761397
LZ_RAYBN,2017,1,23.39010752688172,2.43,96.42,7.174455207570437,-0.00045192470045674554
LZ_RAYBN,2017,2,20.36915178571431,5.62,51.8,5.358349282109905,-7.5262071881533226e-06
LZ_RAYBN,2017,3,21.90716016150739,6.77,64.19,6.549950608642898,0.00011407175351675135
LZ_RAYBN,2017,4,22.21343055555554,8.2,61.88,5.862581020851395,0.0002499856214708011
LZ_RAYBN,2017,5,24.001330645161307,6.21,62.63,6.8500959884287855,-3.5326238977410316e-05
LZ_RAYBN,2017,6,26.125041666666643,15.69,74.59,9.205680549494767,2.3836301947756685e-05
LZ_RAYBN,2017,7,30.760497311827933,16.47,248.41,16.831198028483207,-2.3664097547106317e-05
LZ_RAYBN,2017,8,26.824825268817232,16.6,85.93,10.254676219025427,-0.00012762769233895673
LZ_RAYBN,2017,9,23.535680555555558,8.29,54.32,7.549488581314552,-5.8167357284700415e-05
LZ_RAYBN,2017,10,21.379932795698938,2.04,75.15,7.829634966596327,-6.592040197013238e-05
LZ_RAYBN,2017,11,21.82918055555556,3.86,70.1,7.445188047172323,-7.4471432519220815e-06
LZ_RAYBN,2017,12,21.31260752688172,7.81,59.25,4.855131894035039,0.00021213781826029382
LZ_RAYBN,2018,1,39.37014784946231,7.82,1709.15,90.37409156066532,-0.00022593833637073375
LZ_RAYBN,2018,2,22.403169642857126,7.42,94.77,7.724018064781316,-0.0001939805686786252
LZ_RAYBN,2018,3,23.805706594885592,11.42,69.95,7.764584538226346,-2.691879772095411e-05
LZ_RAYBN,2018,4,27.19887500000002,12.36,62.64,7.927631488254263,0.0008711957643382031
LZ_RAYBN,2018,5,40.951250000000016,11.51,572.62,43.40898605325403,-0.0005554433905545309
LZ_RAYBN,2018,6,31.945583333333342,15.64,125.33,17.458837477249833,0.00026532371714365737
LZ_RAYBN,2018,7,84.90190860215051,9.8,2234.47,250.62476031998634,-9.19241244064929e-05
LZ_RAYBN,2018,8,32.51872311827957,12.2,158.9,20.634102764280627,-0.00013503118197369935
LZ_RAYBN,2018,9,27.680888888888877,13.93,90.56,11.82380675429367,8.28365609954749e-06
LZ_RAYBN,2018,10,30.624959677419376,13.12,94.29,10.702267190328264,0.00021780652623953057
LZ_RAYBN,2018,11,33.45244444444446,12.67,124.27,11.735302215008232,0.0009205146019527911
LZ_RAYBN,2018,12,31.55353494623656,7.83,116.72,10.034378429938934,-0.001088136588175906
LZ_RAYBN,2019,1,24.411491935483873,6.49,74.86,8.060814095455624,-1.3183882275651968e-05
LZ_RAYBN,2019,2,21.066279761904763,4.7,57.29,6.844085385799512,-5.4526025641443246e-05
LZ_RAYBN,2019,3,29.809798115747,12.38,682.64,34.219993845706014,0.00036060985827244467
LZ_RAYBN,2019,4,24.998305555555564,7.34,113.75,11.764075316688286,1.2437086978440519e-05
LZ_RAYBN,2019,5,24.788158602150553,11.72,67.79,8.999232252081159,-0.00025761749894112086
LZ_RAYBN,2019,6,25.458513888888895,8.78,101.41,13.654010843479448,-0.00026659052841437484
LZ_RAYBN,2019,7,30.02971774193554,11.21,279.33,27.165856941493953,-5.063803240858417e-05
LZ_RAYBN,2019,8,126.89788978494644,10.38,3503.7,401.9292603884113,6.65985289417977e-05
LZ_RAYBN,2019,9,80.69863888888884,7.81,5012.22,380.908202139825,-0.0001334686785899939
LZ_RAYBN,2019,10,28.554381720430126,7.43,850.07,52.132790025555984,0.00036423429998287617
LZ_RAYBN,2019,11,24.517569444444426,4.57,222.55,15.818155791296588,-0.00025309330153388073
LZ_RAYBN,2019,12,19.08506720430106,4.69,60.53,7.101435355892237,-0.0002668465164223687
LZ_SOUTH,2016,1,19.48172043010753,5.06,58.16,5.710720644519709,-0.00035459295049334135
LZ_SOUTH,2016,2,15.935862068965523,1.59,52.27,6.329056652036589,-0.0008739668964320463
LZ_SOUTH,2016,3,19.521144010767156,0.56,100.0,12.325023585024738,0.0009204823339465973
LZ_SOUTH,2016,4,20.73800000000002,1.04,120.0,13.178488937715963,-9.418191382799754e-05
LZ_SOUTH,2016,5,20.69174731182796,2.76,100.0,12.251857833053952,0.00017983484714031387
LZ_SOUTH,2016,6,27.47165277777775,4.94,141.69,15.831815212576421,0.0004498691476791073
LZ_SOUTH,2016,7,28.88958333333334,9.49,106.32,13.878802914915044,-0.00015372256129058128
LZ_SOUTH,2016,8,31.82330645161287,13.43,240.28,29.39920761574283,9.960748945392335e-05
LZ_SOUTH,2016,9,28.76201388888887,11.16,206.79,16.323961737728606,-8.764980727089048e-05
LZ_SOUTH,2016,10,30.03103494623656,3.68,290.71,24.11439290602675,-0.00014674753571147054
LZ_SOUTH,2016,11,20.633388888888888,2.81,59.68,7.707285909666226,0.0001300623617850879
LZ_SOUTH,2016,12,26.32684139784947,2.59,148.13,12.181573627385522,0.00031181877229998964
LZ_SOUTH,2017,1,25.15548387096773,1.85,142.48,10.779406305725363,-0.000471657543057325
LZ_SOUTH,2017,2,21.793690476190488,3.22,54.63,7.831157785521075,-0.00030106447713831977
LZ_SOUTH,2017,3,26.528209959623116,4.69,94.55,10.897196845177303,0.00035613940331886794
LZ_SOUTH,2017,4,28.549888888888887,10.5,119.88,12.735671759879727,0.0003446694573796778
LZ_SOUTH,2017,5,29.979731182795668,5.34,94.72,12.98626101551835,1.0051375628018535e-05
LZ_SOUTH,2017,6,36.783444444444456,15.65,150.0,22.435838620397643,0.0002937312038499947
LZ_SOUTH,2017,7,34.19329301075271,17.34,276.3,20.84019773171074,-0.0003300912039297112
LZ_SOUTH,2017,8,33.45784946236564,16.66,139.11,19.499532456662962,0.000366077808237584
LZ_SOUTH,2017,9,28.33034722222221,8.84,84.54,10.499658158101528,-0.000369386739296601
LZ_SOUTH,2017,10,28.464018817204334,4.52,129.79,13.227929173038147,-4.359580074348362e-05
LZ_SOUTH,2017,11,27.86572222222222,8.04,109.23,11.206479376065497,-0.00016580237926696234
LZ_SOUTH,2017,12,25.40422043010751,7.07,99.02,7.9141182045369325,0.00013901478264235955
LZ_SOUTH,2018,1,46.13256720430113,6.56,1709.82,93.31581643122976,-0.00035757168891242634
LZ_SOUTH,2018,2,25.197038690476194,4.14,79.89,9.158766911369773,-0.00017559760566427784
LZ_SOUTH,2018,3,26.759973082099577,8.31,76.2,10.317034261654255,0.00019594824700568429
LZ_SOUTH,2018,4,28.186972222222227,8.32,63.43,9.605147553595852,0.0001923325670026273
LZ_SOUTH,2018,5,41.27442204301073,11.8,556.94,41.38933791209337,0.00014333737875146712
LZ_SOUTH,2018,6,32.258680555555515,16.3,124.6,15.824630844733248,0.00013215116310481826
LZ_SOUTH,2018,7,80.44756720430111,10.11,2068.16,234.40094203188013,-0.00014046946262773256
LZ_SOUTH,2018,8,33.690631720430126,15.79,151.59,21.418672580998578,-7.242510679747266e-06
LZ_SOUTH,2018,9,28.383763888888897,16.0,91.31,11.343294717518617,1.874765938953053e-06
LZ_SOUTH,2018,10,32.12697580645161,16.13,100.1,12.027293976526847,0.0001588476291146522
LZ_SOUTH,2018,11,33.54448611111104,10.49,120.91,13.68176977638468,-0.00045869313539060913
LZ_SOUTH,2018,12,32.11272849462366,7.62,125.61,11.133697976599072,0.00025077167823790746
LZ_SOUTH,2019,1,27.057903225806513,7.6,123.19,9.20796138122653,-8.906185851306978e-05
LZ_SOUTH,2019,2,23.72895833333334,6.44,61.77,7.5112400295933845,5.401374111873033e-05
LZ_SOUTH,2019,3,30.529488559892318,7.37,721.89,37.10900275838603,0.00042674310445307563
LZ_SOUTH,2019,4,27.14783333333334,4.0,134.58,14.693139289126739,-0.0008425765961201392
LZ_SOUTH,2019,5,27.210994623655925,10.73,87.14,10.367489242585485,0.00043198001316410256
LZ_SOUTH,2019,6,27.259597222222187,11.71,123.14,14.759030011321771,-0.0001807181603519518
LZ_SOUTH,2019,7,31.13216397849467,11.68,279.97,27.666057981228892,-0.0001355969816892227
LZ_SOUTH,2019,8,127.1090188172042,11.0,3499.67,400.7683351369345,7.431132607024815e-05
LZ_SOUTH,2019,9,81.00911111111105,8.37,4996.6,378.74939830966343,3.537323560508282e-05
LZ_SOUTH,2019,10,32.94211021505377,6.93,846.41,53.6600556841448,0.0001623795336333496
LZ_SOUTH,2019,11,25.80370833333333,5.53,195.9,14.772221026154101,-0.00018048300732312296
LZ_SOUTH,2019,12,19.786881720430113,3.46,77.45,7.023225109320725,-0.0003104888917114837
LZ_WEST,2016,1,19.51926075268816,4.47,56.26,5.972367020222795,-0.0003630778834435402
LZ_WEST,2016,2,15.044482758620699,-0.86,51.61,6.0973123237868565,
LZ_WEST,2016,3,16.00265141318978,0.46,60.97,7.4474746960747655,0.000860720088350133
LZ_WEST,2016,4,17.153666666666663,0.33,91.7,9.37929180538246,-6.360940981932096e-05
LZ_WEST,2016,5,17.737526881720434,1.43,73.98,8.08538079313126,0.0001579874730225135
LZ_WEST,2016,6,23.48876388888888,3.76,107.61,10.783790816173294,0.00048438761196369984
LZ_WEST,2016,7,27.178790322580664,9.05,115.9,12.888030029845096,-0.00016883807701566114
LZ_WEST,2016,8,30.01056451612905,13.37,226.91,25.763811703429568,0.0001148813586075729
LZ_WEST,2016,9,26.767666666666685,10.69,204.46,15.181201137700214,-8.563201242501986e-05
LZ_WEST,2016,10,25.182258064516123,1.5,285.76,17.13851962455334,-0.0004339313584638516
LZ_WEST,2016,11,19.343138888888898,0.97,60.38,7.035390776231643,0.00043089879506093227
LZ_WEST,2016,12,25.165819892473102,0.37,139.73,11.654195202333177,0.00031726042354461706
LZ_WEST,2017,1,23.231370967741938,0.47,97.97,9.296835291406914,-0.0003413301436462053
LZ_WEST,2017,2,18.47705357142856,-3.67,72.56,9.104210009101468,0.007666580906269336
LZ_WEST,2017,3,20.251197846567983,0.09,65.3,8.465475122425502,0.0009893363037659058
LZ_WEST,2017,4,20.388569444444446,0.1,69.22,8.18040263320492,0.0014333777272035316
LZ_WEST,2017,5,22.86779569892472,1.38,57.71,7.553185185074928,-3.0415777057475487e-05
LZ_WEST,2017,6,27.51231944444447,11.19,79.92,10.623585853794621,2.484011443110592e-05
LZ_WEST,2017,7,31.130174731182798,16.63,240.72,16.88486366041493,-2.7593038499313077e-05
LZ_WEST,2017,8,27.213911290322564,16.64,86.65,10.571351807051885,-0.00010738658118701323
LZ_WEST,2017,9,27.011777777777755,8.08,83.61,10.99981324436512,-8.274933060013229e-05
LZ_WEST,2017,10,22.173319892473113,1.83,72.46,8.353856799011606,-4.0145615204928215e-05
LZ_WEST,2017,11,22.152916666666673,0.27,75.19,8.749763793752004,-9.470561507946933e-06
LZ_WEST,2017,12,21.87225806451613,-1.49,64.7,7.489398016305277,-0.0003451389950499955
LZ_WEST,2018,1,37.29330645161292,0.65,1670.78,88.79467993492516,-0.0008674694549305105
LZ_WEST,2018,2,22.12410714285712,2.33,74.96,8.271932366348944,0.00041565598173675343
LZ_WEST,2018,3,22.30162853297446,0.4,79.53,10.906822163961131,-0.00010300527753114933
LZ_WEST,2018,4,21.128125000000004,-3.54,60.13,12.432860367773303,-0.004699825796925466
LZ_WEST,2018,5,49.600120967741965,1.15,560.42,42.80809718391552,0.0046551177594625496
LZ_WEST,2018,6,57.96752777777783,22.77,137.0,20.756347046082546,0.00032008247581227664
LZ_WEST,2018,7,101.47096774193538,13.15,2151.82,238.70516348224746,-0.0017934546082075506
LZ_WEST,2018,8,33.28985215053763,11.08,153.14,19.295431194581806,-0.0001171655372117017
LZ_WEST,2018,9,27.10109722222224,13.2,87.2,10.436557699967405,4.1325362613598526e-05
LZ_WEST,2018,10,30.004556451612874,3.1,97.94,10.901438163956602,8.424120410910979e-05
LZ_WEST,2018,11,31.22402777777777,1.91,147.71,15.925374200333449,-0.0021517010119433233
LZ_WEST,2018,12,34.98084677419353,3.05,131.59,15.254886045873532,0.00222906454376907
LZ_WEST,2019,1,27.461532258064498,0.44,99.02,13.478233579426092,-0.0004294783579823688
LZ_WEST,2019,2,22.798958333333317,2.99,67.26,9.305285701329012,0.0003343045537926176
LZ_WEST,2019,3,31.282960969044446,2.25,698.52,37.27890331984407,0.00044312900728225374
LZ_WEST,2019,4,21.699236111111095,0.69,112.83,14.623148227684057,-0.0009817780977046764
LZ_WEST,2019,5,28.8519892473118,7.36,78.96,9.737399440021326,0.0009789608369510446
LZ_WEST,2019,6,32.02677777777779,12.25,111.92,14.086746131905787,0.00010584427905429542
LZ_WEST,2019,7,32.07568548387098,11.03,281.09,27.34031853443688,-0.0008470786266161727
LZ_WEST,2019,8,128.87646505376352,9.12,3505.6,402.11414618227064,-9.972067099501643e-06
LZ_WEST,2019,9,83.471138888889,6.59,5015.25,380.45391860989866,-0.00048801373848477575
LZ_WEST,2019,10,49.38336021505375,0.79,873.07,62.396856020024465,0.001934525391479037
LZ_WEST,2019,11,49.34084722222219,3.6,286.91,31.876125870829345,0.00022620601502168784
LZ_WEST,2019,12,39.502594086021524,7.32,195.71,27.975861973386763,-0.0018339442193062098
